{
  "dim": 0,
  "pitch": 2.9999852,
  "yaw": 178.79988,
  "xd": -41.24671298249445,
  "yd": 67.0,
  "zd": -414.6059130036112
}