{
  "dim": 0,
  "pitch": 15.150044,
  "yaw": -354.42438,
  "xd": -461.2307541125177,
  "yd": 70.0,
  "zd": 10.306879138090626
}