{
  "dim": 0,
  "pitch": 17.25001,
  "yaw": -259.24994,
  "xd": -147.4560871525527,
  "yd": 86.0,
  "zd": -181.53947034214895
}