{
  "dim": 0,
  "pitch": 24.299994,
  "yaw": -99.04995,
  "xd": -210.4729201711351,
  "yd": 102.0,
  "zd": -401.04045694510955
}