{
  "dim": 0,
  "pitch": 18.74999,
  "yaw": -188.58813,
  "xd": 287.2117354775867,
  "yd": 107.0,
  "zd": -382.94221001712896
}