{
  "dim": 0,
  "pitch": 4.7999353,
  "yaw": 95.35049,
  "xd": 764.8833083551445,
  "yd": 68.0,
  "zd": -361.7389657913567
}