{
  "dim": 0,
  "pitch": -19.35008,
  "yaw": 171.1003,
  "xd": 442.4164509286481,
  "yd": 35.0,
  "zd": -611.86329701123
}