{
  "dim": 0,
  "pitch": 24.299994,
  "yaw": -44.523987,
  "xd": -733.5570014220086,
  "yd": 80.0,
  "zd": -169.99393003115316
}