{
  "dim": 0,
  "pitch": 22.199919,
  "yaw": 2.2001953,
  "xd": 341.55128388665617,
  "yd": 71.0,
  "zd": -609.5009513451655
}