{
  "dim": 0,
  "pitch": 22.949924,
  "yaw": 245.80019,
  "xd": 338.9930769190056,
  "yd": 69.0,
  "zd": -599.168810842571
}