{
  "dim": 0,
  "pitch": 24.299864,
  "yaw": 1.1487212,
  "xd": -698.3146313150742,
  "yd": 66.0,
  "zd": 11.475409880342676
}