{
  "dim": 0,
  "pitch": 15.600114,
  "yaw": -269.24857,
  "xd": -856.4997962967748,
  "yd": 63.0,
  "zd": -221.37925261707483
}