{
  "dim": 0,
  "pitch": 13.555578,
  "yaw": -271.06995,
  "xd": -856.7719365467699,
  "yd": 63.0,
  "zd": -221.5730736500528
}