{
  "dim": 0,
  "pitch": 10.949944,
  "yaw": 353.04865,
  "xd": 55.20689799601533,
  "yd": 67.0,
  "zd": -371.53763119838413
}