{
  "dim": 0,
  "pitch": 10.799988,
  "yaw": 93.05007,
  "xd": -27.73779106303982,
  "yd": 74.0,
  "zd": -13.42020086478442
}