{
  "dim": 0,
  "pitch": 9.749945,
  "yaw": -264.94977,
  "xd": 153.32068382078947,
  "yd": 56.0,
  "zd": -553.5856613992803
}