{
  "dim": 0,
  "pitch": 49.049656,
  "yaw": -177.33694,
  "xd": -586.6999999880791,
  "yd": 43.0,
  "zd": -249.90543600294086
}