{
  "dim": 0,
  "pitch": 7.949984,
  "yaw": 272.24512,
  "xd": 504.1231215623219,
  "yd": 69.0,
  "zd": -138.91314280058913
}