{
  "dim": 0,
  "pitch": 24.599947,
  "yaw": -57.299625,
  "xd": -573.0572673868498,
  "yd": 85.0,
  "zd": -80.48687321988135
}