{
  "dim": 0,
  "pitch": 23.849995,
  "yaw": -81.950775,
  "xd": 61.97068653953875,
  "yd": 64.0,
  "zd": -332.1393367405399
}