{
  "dim": 0,
  "pitch": -0.9000696,
  "yaw": -180.14868,
  "xd": 627.3853468929385,
  "yd": 70.0,
  "zd": -414.7905056132577
}