{
  "dim": 0,
  "pitch": 12.149997,
  "yaw": 342.8998,
  "xd": -10.026125663909157,
  "yd": 67.0,
  "zd": -94.86069935857115
}