{
  "dim": 0,
  "pitch": 42.299915,
  "yaw": -17.398987,
  "xd": 612.5349832545356,
  "yd": 68.0,
  "zd": -376.3800062682433
}