{
  "dim": 0,
  "pitch": 17.718966,
  "yaw": -137.03064,
  "xd": 81.32456098942411,
  "yd": 70.0,
  "zd": -131.38829543268025
}