{
  "dim": 0,
  "pitch": 42.44991,
  "yaw": 59.949818,
  "xd": 746.1795807635543,
  "yd": 64.0,
  "zd": -230.53524959641
}