{
  "dim": 0,
  "pitch": -45.749935,
  "yaw": 42.09978,
  "xd": 748.7884692729598,
  "yd": 74.4038222951635,
  "zd": -244.45739748162094
}