{
  "dim": 0,
  "pitch": 15.599918,
  "yaw": -93.050186,
  "xd": 616.0470023266992,
  "yd": 65.0,
  "zd": -128.69220721605248
}