{
  "dim": 0,
  "pitch": 20.138426,
  "yaw": 2.3728638,
  "xd": -342.7239167589113,
  "yd": 63.0,
  "zd": -179.6315274544516
}