{
  "dim": 0,
  "pitch": 9.599992,
  "yaw": 152.55,
  "xd": 337.24829982846563,
  "yd": 63.0,
  "zd": -15.300000011920929
}