{
  "dim": 0,
  "pitch": 3.2999773,
  "yaw": 190.651,
  "xd": 289.79195734388816,
  "yd": 71.0,
  "zd": -14.118079758521315
}