{
  "dim": 0,
  "pitch": 14.100002,
  "yaw": -78.64999,
  "xd": -192.5,
  "yd": 68.0,
  "zd": -169.5
}