{
  "dim": 0,
  "pitch": 27.600035,
  "yaw": -269.37433,
  "xd": -752.8030244381954,
  "yd": 63.0,
  "zd": 91.40424787509255
}