{
  "dim": 0,
  "pitch": 22.049973,
  "yaw": 166.29968,
  "xd": -191.30174903004098,
  "yd": 112.0,
  "zd": -403.77126780328234
}