{
  "dim": 0,
  "pitch": 0.6999997,
  "yaw": 181.64998,
  "xd": -263.5,
  "yd": 69.0,
  "zd": -514.5
}