{
  "dim": 0,
  "pitch": 14.549997,
  "yaw": 8.648834,
  "xd": 68.65358704679663,
  "yd": 64.0,
  "zd": -356.3286515096445
}