{
  "dim": 0,
  "pitch": 16.499798,
  "yaw": 180.29979,
  "xd": -574.6504809129167,
  "yd": 71.0,
  "zd": -232.32059701434986
}