{
  "dim": 0,
  "pitch": 22.499918,
  "yaw": -108.949844,
  "xd": 338.62198038955563,
  "yd": 69.0,
  "zd": -599.73123265495
}