{
  "dim": 0,
  "pitch": 8.999893,
  "yaw": 259.59192,
  "xd": -128.70996437672298,
  "yd": 63.0,
  "zd": -540.8460022364492
}