{
  "dim": 0,
  "pitch": 15.44996,
  "yaw": 89.048996,
  "xd": -501.36029253069074,
  "yd": 65.0,
  "zd": 90.43066182203174
}