{
  "dim": 0,
  "pitch": 7.500039,
  "yaw": -179.97429,
  "xd": -545.5,
  "yd": 67.0,
  "zd": -235.5
}