{
  "dim": 0,
  "pitch": 32.100048,
  "yaw": -145.62654,
  "xd": -662.1322346192999,
  "yd": 63.0,
  "zd": 85.12118924241625
}