{
  "dim": 0,
  "pitch": 20.793478,
  "yaw": 89.195404,
  "xd": -182.98860776349596,
  "yd": 68.0,
  "zd": -562.8015013257836
}