{
  "dim": 0,
  "pitch": 8.943467,
  "yaw": 90.84558,
  "xd": -202.43575742082837,
  "yd": 68.0,
  "zd": -561.4458956150786
}