{
  "dim": 0,
  "pitch": 5.7000217,
  "yaw": 332.69977,
  "xd": 14.547767393527906,
  "yd": 67.0,
  "zd": -95.39786095054097
}