{
  "dim": 0,
  "pitch": 5.549959,
  "yaw": 225.24901,
  "xd": 613.4551031942706,
  "yd": 63.0,
  "zd": 57.02942284650909
}