{
  "dim": 0,
  "pitch": 10.949776,
  "yaw": -0.75000507,
  "xd": -357.5970334585858,
  "yd": 65.0,
  "zd": -208.80458920366513
}