{
  "dim": 0,
  "pitch": -0.60002095,
  "yaw": 266.8493,
  "xd": -6.599785662554783,
  "yd": 68.0,
  "zd": -495.01510110946884
}