{
  "dim": 0,
  "pitch": 6.3000007,
  "yaw": 3.0517578E-5,
  "xd": 16.80953251884168,
  "yd": 67.0,
  "zd": -93.50023702699517
}