{
  "dim": 0,
  "pitch": 17.55004,
  "yaw": -6.448769,
  "xd": 667.5,
  "yd": 76.0,
  "zd": -382.5
}