{
  "dim": 0,
  "pitch": 26.10005,
  "yaw": -185.54877,
  "xd": -572.397754263413,
  "yd": 83.0,
  "zd": -79.9064279233541
}