{
  "dim": 0,
  "pitch": 20.399918,
  "yaw": 82.62265,
  "xd": 43.2210500614222,
  "yd": 74.0,
  "zd": 592.4124446663217
}