{
  "dim": 0,
  "pitch": 5.849948,
  "yaw": 308.5498,
  "xd": -2.3319646224364723,
  "yd": 68.0,
  "zd": -495.89702198783556
}