{
  "dim": 0,
  "pitch": 21.599943,
  "yaw": 289.2986,
  "xd": 93.49522385256739,
  "yd": 68.0,
  "zd": -339.48656062702577
}