{
  "dim": 0,
  "pitch": 13.649956,
  "yaw": -269.8494,
  "xd": 482.24610698338034,
  "yd": 64.0,
  "zd": -77.36634556595615
}