{
  "dim": 0,
  "pitch": -22.150002,
  "yaw": -52.100002,
  "xd": -184.5,
  "yd": 68.0,
  "zd": -132.5
}