{
  "dim": 0,
  "pitch": 9.299932,
  "yaw": -159.89867,
  "xd": -870.0819013761957,
  "yd": 66.0,
  "zd": 69.0303793688601
}