{
  "sol": {
    "dim": 0,
    "pitch": 39.149647,
    "yaw": 277.20126,
    "xd": 655.4548821837533,
    "yd": 72.0,
    "zd": -535.5387592413686
  },
  "quick": {
    "dim": 0,
    "pitch": 12.899986,
    "yaw": 73.049324,
    "xd": -4.3850347347196905,
    "yd": 70.0,
    "zd": -656.9057664315721
  },
  "temp": {
    "dim": 0,
    "pitch": 17.399984,
    "yaw": 6.1516724,
    "xd": 671.8620608474984,
    "yd": 66.0,
    "zd": -386.46328805291745
  },
  "ark": {
    "dim": 0,
    "pitch": 26.250002,
    "yaw": -250.9504,
    "xd": -148.42210957350284,
    "yd": 86.0,
    "zd": -179.70192791441715
  }
}