{
  "sol": {
    "dim": 0,
    "pitch": 39.149647,
    "yaw": 277.20126,
    "xd": 655.4548821837533,
    "yd": 72.0,
    "zd": -535.5387592413686
  },
  "quick": {
    "dim": 0,
    "pitch": 12.899986,
    "yaw": 73.049324,
    "xd": -4.3850347347196905,
    "yd": 70.0,
    "zd": -656.9057664315721
  }
}