{
  "sol": {
    "dim": 0,
    "pitch": 39.149647,
    "yaw": 277.20126,
    "xd": 655.4548821837533,
    "yd": 72.0,
    "zd": -535.5387592413686
  },
  "quick": {
    "dim": 0,
    "pitch": 12.899986,
    "yaw": 73.049324,
    "xd": -4.3850347347196905,
    "yd": 70.0,
    "zd": -656.9057664315721
  },
  "ark": {
    "dim": 0,
    "pitch": 22.950012,
    "yaw": -191.8504,
    "xd": -194.0964775682699,
    "yd": 86.0,
    "zd": -175.41333674579082
  }
}